{
  "project_info": {
    "project_number": "829145528436",
    "firebase_url": "https://push-test-cordova-e1f23.firebaseio.com",
    "project_id": "push-test-cordova-e1f23",
    "storage_bucket": "push-test-cordova-e1f23.appspot.com"
  },
  "client": [
    {
      "client_info": {
        "mobilesdk_app_id": "1:829145528436:android:2b6065e31659e7f6",
        "android_client_info": {
          "package_name": "com.phonegap.helloworld"
        }
      },
      "oauth_client": [
        {
          "client_id": "829145528436-d9kj8rv9g8c6uf76lr83i3vat60h2v8v.apps.googleusercontent.com",
          "client_type": 3
        }
      ],
      "api_key": [
        {
          "current_key": "AIzaSyCx6S-JiRCHJGC7Y_UpeSxxjliDIepLITQ"
        }
      ],
      "services": {
        "analytics_service": {
          "status": 1
        },
        "appinvite_service": {
          "status": 1,
          "other_platform_oauth_client": []
        },
        "ads_service": {
          "status": 2
        }
      }
    }
  ],
  "configuration_version": "1"
}